0.1	owner	DONE	rc=1	2026-10-07T23:16:00Z
0.1	manager	SKIPPED	v1-baseline-spec-obsolete
0.1	nok	SKIPPED	v1-baseline-spec-obsolete
0.1	thana	SKIPPED	v1-baseline-spec-obsolete
1.3	owner	DONE	rc=0	2026-10-07T23:27:14Z
1.3	manager	DONE	rc=0	2026-10-07T23:27:34Z
1.3	nok	DONE	rc=1	2026-10-07T23:39:32Z
1.3	thana	DONE	rc=1	2026-10-07T23:45:11Z
1.4	owner	DONE	rc=0	2026-10-07T23:54:11Z
1.4	manager	DONE	rc=0	2026-10-08T00:01:55Z
1.4	nok	DONE	rc=1	2026-10-08T00:03:59Z
1.4	thana	DONE	rc=1	2026-10-08T00:05:59Z
1.5	owner	DONE	rc=0	2026-10-08T00:08:10Z
1.5	manager	DONE	rc=1	2026-10-08T00:10:03Z
1.5	nok	DONE	rc=0	2026-10-08T00:12:05Z
1.5	thana	DONE	rc=1	2026-10-08T00:13:32Z
1.6	owner	DONE	rc=0	2026-10-08T00:14:22Z
1.6	manager	DONE	rc=1	2026-10-08T00:15:28Z
1.6	nok	DONE	rc=0	2026-10-08T00:16:01Z
1.6	thana	DONE	rc=1	2026-10-08T00:17:24Z
1.7	owner	DONE	rc=0	2026-10-08T00:17:46Z
1.7	manager	DONE	rc=1	2026-10-08T00:18:08Z
1.7	nok	DONE	rc=1	2026-10-08T00:18:30Z
1.7	thana	DONE	rc=1	2026-10-08T00:18:52Z
1.9	owner	DONE	rc=0	2026-10-08T00:19:21Z
1.9	manager	DONE	rc=1	2026-10-08T00:19:49Z
1.9	nok	NOSPEC	rc=2	2026-10-08T00:19:51Z
1.9	thana	NOSPEC	rc=2	2026-10-08T00:19:52Z
1.10	owner	DONE	rc=0	2026-10-08T00:20:14Z
1.10	manager	DONE	rc=1	2026-10-08T00:20:34Z
1.10	nok	DONE	rc=1	2026-10-08T00:20:54Z
1.10	thana	DONE	rc=1	2026-10-08T00:21:13Z
1.11	owner	DONE	rc=0	2026-10-08T00:22:44Z
1.11	manager	DONE	rc=0	2026-10-08T00:23:50Z
1.11	nok	DONE	rc=1	2026-10-08T00:26:51Z
1.11	thana	DONE	rc=1	2026-10-08T00:29:55Z
2.1	owner	DONE	rc=0	2026-10-08T00:30:09Z
2.1	manager	DONE	rc=0	2026-10-08T00:30:22Z
2.1	nok	NOSPEC	rc=2	2026-10-08T00:30:24Z
2.1	thana	NOSPEC	rc=2	2026-10-08T00:30:26Z
2.2	owner	DONE	rc=0	2026-10-08T00:31:04Z
2.2	manager	DONE	rc=0	2026-10-08T00:31:42Z
2.2	nok	DONE	rc=1	2026-10-08T00:34:06Z
2.2	thana	DONE	rc=1	2026-10-08T00:35:53Z
2.3	owner	DONE	rc=0	2026-10-08T00:36:13Z
2.3	manager	DONE	rc=0	2026-10-08T00:36:33Z
2.3	nok	NOSPEC	rc=2	2026-10-08T00:36:34Z
2.3	thana	NOSPEC	rc=2	2026-10-08T00:36:36Z
2.4	owner	DONE	rc=0	2026-10-08T00:36:57Z
2.4	manager	DONE	rc=0	2026-10-08T00:37:19Z
2.4	nok	NOSPEC	rc=2	2026-10-08T00:37:20Z
2.4	thana	NOSPEC	rc=2	2026-10-08T00:37:22Z
2.5	owner	DONE	rc=0	2026-10-08T00:37:53Z
2.5	manager	DONE	rc=1	2026-10-08T00:38:26Z
2.5	nok	DONE	rc=1	2026-10-08T00:40:46Z
2.5	thana	DONE	rc=1	2026-10-08T00:43:07Z
2.6	owner	DONE	rc=0	2026-10-08T00:43:38Z
2.6	manager	DONE	rc=0	2026-10-08T00:44:09Z
2.6	nok	NOSPEC	rc=2	2026-10-08T00:44:10Z
2.6	thana	NOSPEC	rc=2	2026-10-08T00:44:12Z
2.7	owner	DONE	rc=0	2026-10-08T00:44:38Z
2.7	manager	DONE	rc=1	2026-10-08T00:45:04Z
2.7	nok	NOSPEC	rc=2	2026-10-08T00:45:06Z
2.7	thana	NOSPEC	rc=2	2026-10-08T00:45:08Z
2.8	owner	DONE	rc=0	2026-10-08T00:45:28Z
2.8	manager	DONE	rc=0	2026-10-08T00:45:47Z
2.8	nok	NOSPEC	rc=2	2026-10-08T00:45:49Z
2.8	thana	NOSPEC	rc=2	2026-10-08T00:45:50Z
2.10	owner	DONE	rc=0	2026-10-08T00:46:12Z
2.10	manager	DONE	rc=0	2026-10-08T00:46:32Z
2.10	nok	DONE	rc=0	2026-10-08T00:46:52Z
2.10	thana	DONE	rc=0	2026-10-08T00:47:12Z
2.11	owner	DONE	rc=0	2026-10-08T00:47:24Z
2.11	manager	NOSPEC	rc=2	2026-10-08T00:47:25Z
2.11	nok	NOSPEC	rc=2	2026-10-08T00:47:27Z
2.11	thana	NOSPEC	rc=2	2026-10-08T00:47:29Z
3.1	owner	DONE	rc=0	2026-10-08T00:47:54Z
3.1	manager	DONE	rc=0	2026-10-08T00:48:18Z
3.1	nok	DONE	rc=1	2026-10-08T00:51:21Z
3.1	thana	DONE	rc=1	2026-10-08T00:54:24Z
3.2	owner	DONE	rc=0	2026-10-08T00:54:41Z
3.2	manager	DONE	rc=0	2026-10-08T00:54:52Z
3.2	nok	DONE	rc=1	2026-10-08T00:56:04Z
3.2	thana	DONE	rc=1	2026-10-08T00:56:36Z
3.3	owner	DONE	rc=0	2026-10-08T00:56:53Z
3.3	manager	DONE	rc=0	2026-10-08T01:00:01Z
3.3	nok	DONE	rc=0	2026-10-08T01:00:12Z
3.3	thana	DONE	rc=0	2026-10-08T01:00:21Z
3.4	owner	DONE	rc=0	2026-10-08T01:00:53Z
3.4	manager	DONE	rc=0	2026-10-08T01:01:22Z
3.4	nok	DONE	rc=1	2026-10-08T01:03:40Z
3.4	thana	DONE	rc=1	2026-10-08T01:03:54Z
3.5	owner	DONE	rc=1	2026-10-08T01:04:47Z
3.5	manager	NOSPEC	rc=2	2026-10-08T01:04:48Z
3.5	nok	NOSPEC	rc=2	2026-10-08T01:04:50Z
3.5	thana	NOSPEC	rc=2	2026-10-08T01:04:52Z
3.6	owner	DONE	rc=0	2026-10-08T01:05:01Z
3.6	manager	NOSPEC	rc=2	2026-10-08T01:05:04Z
3.6	nok	NOSPEC	rc=2	2026-10-08T01:05:06Z
3.6	thana	NOSPEC	rc=2	2026-10-08T01:05:09Z
3.7	owner	DONE	rc=0	2026-10-08T01:06:37Z
3.7	manager	DONE	rc=0	2026-10-08T01:08:06Z
3.7	nok	DONE	rc=0	2026-10-08T01:08:22Z
3.7	thana	DONE	rc=0	2026-10-08T01:08:35Z
3.9	owner	DONE	rc=0	2026-10-08T01:08:55Z
3.9	manager	DONE	rc=0	2026-10-08T01:09:05Z
3.9	nok	NOSPEC	rc=2	2026-10-08T01:09:07Z
3.9	thana	NOSPEC	rc=2	2026-10-08T01:09:09Z
ALL-DONE 2026-10-08T01:09:09Z
