/deals	deals-pipelines-link	link	roles=owner,manager,nok,thana	hiddenFor=	system=
/deals	deals-new-btn	link	roles=owner,manager,nok,thana	hiddenFor=	system=
/deals	deals-empty-create-pipeline	link	roles=owner,manager,nok,thana	hiddenFor=	system=
/deals	deals-view-*	tab	roles=owner,manager,nok,thana	hiddenFor=	system=
/deals	deals-filter-form	filter	roles=owner,manager,nok,thana	hiddenFor=	system=
/deals	deals-filter-pipeline	select	roles=owner,manager,nok,thana	hiddenFor=	system=
/deals	deals-filter-q	input	roles=owner,manager,nok,thana	hiddenFor=	system=
/deals	deals-filter-owner	select	roles=owner,manager,nok,thana	hiddenFor=	system=
/deals	deals-filter-stage	select	roles=owner,manager,nok,thana	hiddenFor=	system=
/deals	deals-filter-close-from	input	roles=owner,manager,nok,thana	hiddenFor=	system=
/deals	deals-filter-close-to	input	roles=owner,manager,nok,thana	hiddenFor=	system=
/deals	deals-filter-tag	input	roles=owner,manager,nok,thana	hiddenFor=	system=
/deals	deals-filter-f-*	input	roles=owner,manager,nok,thana	hiddenFor=	system=
/deals	deals-filter-saved	select	roles=owner,manager,nok,thana	hiddenFor=	system=
/deals	deals-filter-sort	select	roles=owner,manager,nok,thana	hiddenFor=	system=
/deals	deals-filter-stale	toggle	roles=owner,manager,nok,thana	hiddenFor=	system=
/deals	deals-filter-submit	button	roles=owner,manager,nok,thana	hiddenFor=	system=
/deals	deals-filter-clear	link	roles=owner,manager,nok,thana	hiddenFor=	system=
/deals	deals-first-page	link	roles=owner,manager,nok,thana	hiddenFor=	system=
/deals	deals-next-page	link	roles=owner,manager,nok,thana	hiddenFor=	system=
/deals	deals-forecast-group-*	link	roles=owner,manager,nok,thana	hiddenFor=	system=
/deals	deals-forecast-category-all	link	roles=owner,manager,nok,thana	hiddenFor=	system=
/deals	deals-forecast-category-*	link	roles=owner,manager,nok,thana	hiddenFor=	system=
/deals	deal-card-*	drag	roles=owner,manager,nok,thana	hiddenFor=	system=
/deals	deal-card-link-*	link	roles=owner,manager,nok,thana	hiddenFor=	system=
/deals	deal-stage-tab-*	tab	roles=owner,manager,nok,thana	hiddenFor=	system=
/deals	deal-column-add-*	link	roles=owner,manager,nok,thana	hiddenFor=	system=
/deals	deal-column-collapse-*	button	roles=owner,manager,nok,thana	hiddenFor=	system=
/deals	deal-column-more-*	link	roles=owner,manager,nok,thana	hiddenFor=	system=
/deals	deal-bulk-stage	select	roles=owner,manager,nok,thana	hiddenFor=	system=
/deals	deal-bulk-reason	input	roles=owner,manager,nok,thana	hiddenFor=	system=
/deals	deal-bulk-confirm	toggle	roles=owner,manager,nok,thana	hiddenFor=	system=
/deals	deal-bulk-move	button	roles=owner,manager,nok,thana	hiddenFor=	system=
/deals	deal-check-all	toggle	roles=owner,manager,nok,thana	hiddenFor=	system=
/deals	deal-row-check-*	toggle	roles=owner,manager,nok,thana	hiddenFor=	system=
/deals	deal-row-link-*	link	roles=owner,manager,nok,thana	hiddenFor=	system=
/deals/[dealId]	deal-lost-reason	select	roles=owner,manager,nok,thana	hiddenFor=	system=
/deals/[dealId]	deal-lost-note	input	roles=owner,manager,nok,thana	hiddenFor=	system=
/deals/[dealId]	deal-lost-cancel	button	roles=owner,manager,nok,thana	hiddenFor=	system=
/deals/[dealId]	deal-lost-confirm	button	roles=owner,manager,nok,thana	hiddenFor=	system=
/deals	deal-req-field-*	input	roles=owner,manager,nok,thana	hiddenFor=	system=
/deals	deal-req-open-link	link	roles=owner,manager,nok,thana	hiddenFor=	system=
/deals	deal-req-cancel	button	roles=owner,manager,nok,thana	hiddenFor=	system=
/deals	deal-move-toast-close	button	roles=owner,manager,nok,thana	hiddenFor=	system=
/deals/[dealId]	deal-back-link	link	roles=owner,manager,nok,thana	hiddenFor=	system=
/deals/[dealId]	deal-company-link	link	roles=owner,manager,nok,thana	hiddenFor=	system=
/deals/[dealId]	deal-contact-link	link	roles=owner,manager,nok,thana	hiddenFor=	system=
/deals/[dealId]	deal-tab-*	tab	roles=owner,manager,nok,thana	hiddenFor=	system=
/deals/[dealId]	deal-stage-step-*	button	roles=owner,manager,nok,thana	hiddenFor=	system=
/deals/[dealId]	deal-lost-btn	button	roles=owner,manager,nok,thana	hiddenFor=	system=
/deals/new	deal-new-create-pipeline	link	roles=owner,manager,nok,thana	hiddenFor=	system=
/deals/new	deal-new-form	form	roles=owner,manager,nok,thana	hiddenFor=	system=
/deals/new	deal-new-title	input	roles=owner,manager,nok,thana	hiddenFor=	system=
/deals/new	deal-new-contact-q	input	roles=owner,manager,nok,thana	hiddenFor=	system=
/deals/new	deal-new-contact	select	roles=owner,manager,nok,thana	hiddenFor=	system=
/deals/new	deal-new-company	select	roles=owner,manager,nok,thana	hiddenFor=	system=
/deals/new	deal-new-pipeline	select	roles=owner,manager,nok,thana	hiddenFor=	system=
/deals/new	deal-new-stage	select	roles=owner,manager,nok,thana	hiddenFor=	system=
/deals/new	deal-new-value	input	roles=owner,manager,nok,thana	hiddenFor=	system=
/deals/new	deal-new-close	input	roles=owner,manager,nok,thana	hiddenFor=	system=
/deals/new	deal-new-owner	select	roles=owner,manager,nok,thana	hiddenFor=	system=
/deals/new	deal-new-category	select	roles=owner,manager,nok,thana	hiddenFor=	system=
/deals/new	deal-new-next-step	input	roles=owner,manager,nok,thana	hiddenFor=	system=
/deals/new	deal-new-cancel	button	roles=owner,manager,nok,thana	hiddenFor=	system=
/deals/new	deal-new-submit	button	roles=owner,manager,nok,thana	hiddenFor=	system=
/pipelines	pipelines-open-board-*	link	roles=owner,manager,nok,thana	hiddenFor=	system=
/pipelines	pipelines-open-forecast-*	link	roles=owner,manager,nok,thana	hiddenFor=	system=
/deals/[dealId]	crm-call-log-open	button	roles=owner,manager,nok,thana	hiddenFor=	system=
/deals/[dealId]	crm-call-recording-listen	button	roles=owner,manager,nok,thana	hiddenFor=	system=
/deals/[dealId]	crm-call-recording-remove	button	roles=owner,manager,nok,thana	hiddenFor=	system=
/deals/[dealId]	crm-ai-deal-summary	button	roles=owner,manager,nok,thana	hiddenFor=	system=
/deals/[dealId]	crm-ai-deal-risk	button	roles=owner,manager,nok,thana	hiddenFor=	system=
/deals/[dealId]	crm-ai-deal-draft-email	button	roles=owner,manager,nok,thana	hiddenFor=	system=
/deals/[dealId]	crm-ai-draft-copy	button	roles=owner,manager,nok,thana	hiddenFor=	system=
