/contacts	contacts-new-btn	link	roles=owner,manager,nok,thana	hiddenFor=	system=
/contacts	contacts-empty-new	link	roles=owner,manager,nok,thana	hiddenFor=	system=
/contacts	contacts-*-reason	input	roles=owner,manager,nok,thana	hiddenFor=	system=
/contacts	contacts-*-confirm	toggle	roles=owner,manager,nok,thana	hiddenFor=	system=
/contacts	contacts-filter-form	filter	roles=owner,manager,nok,thana	hiddenFor=	system=
/contacts	contacts-filter-q	input	roles=owner,manager,nok,thana	hiddenFor=	system=
/contacts	contacts-filter-stage	select	roles=owner,manager,nok,thana	hiddenFor=	system=
/contacts	contacts-filter-lead	select	roles=owner,manager,nok,thana	hiddenFor=	system=
/contacts	contacts-filter-band	select	roles=owner,manager,nok,thana	hiddenFor=	system=
/contacts	contacts-filter-source	select	roles=owner,manager,nok,thana	hiddenFor=	system=
/contacts	contacts-filter-owner	select	roles=owner,manager,nok,thana	hiddenFor=	system=
/contacts	contacts-filter-view	select	roles=owner,manager,nok,thana	hiddenFor=	system=
/contacts	contacts-filter-sort	select	roles=owner,manager,nok,thana	hiddenFor=	system=
/contacts	contacts-filter-archived	toggle	roles=owner,manager,nok,thana	hiddenFor=	system=
/contacts	contacts-filter-submit	button	roles=owner,manager,nok,thana	hiddenFor=	system=
/contacts	contacts-filter-clear	link	roles=owner,manager,nok,thana	hiddenFor=	system=
/contacts	contacts-page-next	link	roles=owner,manager,nok,thana	hiddenFor=	system=
/contacts	contacts-page-first	link	roles=owner,manager,nok,thana	hiddenFor=	system=
/contacts	contacts-row-link	link	roles=owner,manager,nok,thana	hiddenFor=	system=
/contacts	contacts-card-link	link	roles=owner,manager,nok,thana	hiddenFor=	system=
/contacts	contacts-select-all	toggle	roles=owner,manager,nok,thana	hiddenFor=	system=
/contacts	contacts-row-select	toggle	roles=owner,manager,nok,thana	hiddenFor=	system=
/contacts	contacts-card-select	toggle	roles=owner,manager,nok,thana	hiddenFor=	system=
/contacts	contacts-bulk-assign-btn	button	roles=owner,manager,nok,thana	hiddenFor=	system=
/contacts	contacts-bulk-clear	button	roles=owner,manager,nok,thana	hiddenFor=	system=
/contacts	contacts-bulk-assign-owner	select	roles=owner,manager,nok,thana	hiddenFor=	system=
/contacts	contacts-bulk-assign-submit	button	roles=owner,manager,nok,thana	hiddenFor=	system=
/contacts	contacts-bulk-assign-cancel	button	roles=owner,manager,nok,thana	hiddenFor=	system=
/contacts/new	contact-new-form	form	roles=owner,manager,nok,thana	hiddenFor=	system=
/contacts/new	contact-new-*	input	roles=owner,manager,nok,thana	hiddenFor=	system=
/contacts/new	contact-new-sourceKind	input	roles=owner,manager,nok,thana	hiddenFor=	system=
/contacts/new	contact-new-ownerUserId	input	roles=owner,manager,nok,thana	hiddenFor=	system=
/contacts/new	contact-new-f-*	input	roles=owner,manager,nok,thana	hiddenFor=	system=
/contacts/new	contact-pick-*-q	input	roles=owner,manager,nok,thana	hiddenFor=	system=
/contacts/new	contact-pick-*-select	select	roles=owner,manager,nok,thana	hiddenFor=	system=
/contacts/new	contact-new-submit	button	roles=owner,manager,nok,thana	hiddenFor=	system=
/contacts/new	contact-new-force	button	roles=owner,manager,nok,thana	hiddenFor=	system=
/contacts/new	contact-new-duplicate-link	link	roles=owner,manager,nok,thana	hiddenFor=	system=
/contacts/new	contact-new-cancel	link	roles=owner,manager,nok,thana	hiddenFor=	system=
/contacts/[contactId]	contact-back-link	link	roles=owner,manager,nok,thana	hiddenFor=	system=
/contacts/[contactId]	contact-merged-link	link	roles=owner,manager,nok,thana	hiddenFor=	system=
/contacts/[contactId]	contact-email-link	link	roles=owner,manager,nok,thana	hiddenFor=	system=
/contacts/[contactId]	contact-conn-member-link	link	roles=owner,manager,nok,thana	hiddenFor=	system=
/contacts/[contactId]	contact-conn-company-link	link	roles=owner,manager,nok,thana	hiddenFor=	system=
/contacts/[contactId]	contact-menu-btn	menu	roles=owner,manager,nok,thana	hiddenFor=	system=
/contacts/[contactId]	contact-menu-*	menu	roles=owner,manager,nok,thana	hiddenFor=	system=
/contacts/[contactId]	contact-edit-*	input	roles=owner,manager,nok,thana	hiddenFor=	system=
/contacts/[contactId]	contact-edit-move-deals	toggle	roles=owner,manager,nok,thana	hiddenFor=	system=
/contacts/[contactId]	contact-owner-select	select	roles=owner,manager,nok,thana	hiddenFor=	system=
/contacts/[contactId]	contact-status-stage	select	roles=owner,manager,nok,thana	hiddenFor=	system=
/contacts/[contactId]	contact-status-lead	select	roles=owner,manager,nok,thana	hiddenFor=	system=
/contacts/[contactId]	contact-tags-input	input	roles=owner,manager,nok,thana	hiddenFor=	system=
/contacts/[contactId]	contact-*-reason	input	roles=owner,manager	hiddenFor=	system=
/contacts/[contactId]	contact-*-confirm	toggle	roles=owner,manager	hiddenFor=	system=
/contacts/[contactId]	contact-*-submit	button	roles=owner,manager,nok,thana	hiddenFor=	system=
/contacts/[contactId]	contact-*-cancel	button	roles=owner,manager,nok,thana	hiddenFor=	system=
/contacts/[contactId]	contact-optout-toggle	toggle	roles=owner,manager,nok,thana	hiddenFor=	system=
/contacts/[contactId]	contact-tracking-optout-toggle	toggle	roles=owner,manager,nok,thana	hiddenFor=	system=
/contacts/[contactId]	contact-consent-grant	button	roles=owner,manager,nok,thana	hiddenFor=	system=
/contacts/[contactId]	contact-consent-revoke	button	roles=owner,manager,nok,thana	hiddenFor=	system=
/contacts/[contactId]	crm-activity-add	button	roles=owner,manager,nok,thana	hiddenFor=	system=
/contacts/[contactId]	crm-activity-add-note	button	roles=owner,manager,nok,thana	hiddenFor=	system=
/contacts/[contactId]	crm-activity-tab-*	tab	roles=owner,manager,nok,thana	hiddenFor=	system=
/contacts/[contactId]	crm-files-input	input	roles=owner,manager,nok,thana	hiddenFor=	system=
/contacts/[contactId]	crm-files-open	link	roles=owner,manager,nok,thana	hiddenFor=	system=
/contacts/[contactId]	crm-files-remove	button	roles=owner,manager,nok,thana	hiddenFor=	system=
/contacts/[contactId]	crm-files-remove-confirm	button	roles=owner,manager,nok,thana	hiddenFor=	system=
/contacts/[contactId]	crm-activity-all	link	roles=owner,manager,nok,thana	hiddenFor=	system=
/contacts/[contactId]	crm-object-tab-obj-*	tab	roles=owner,manager,nok,thana	hiddenFor=	system=
/contacts/[contactId]	crm-seq-enroll	button	roles=owner,manager,nok,thana	hiddenFor=	system=
/contacts/[contactId]	crm-seq-enroll-form	form	roles=owner,manager,nok,thana	hiddenFor=	system=
/contacts/[contactId]	crm-seq-enroll-pick	select	roles=owner,manager,nok,thana	hiddenFor=	system=
/contacts/[contactId]	crm-seq-enroll-replace	toggle	roles=owner,manager,nok,thana	hiddenFor=	system=
/contacts/[contactId]	crm-seq-enroll-submit	button	roles=owner,manager,nok,thana	hiddenFor=	system=
/contacts/[contactId]	crm-seq-enroll-cancel	button	roles=owner,manager,nok,thana	hiddenFor=	system=
/contacts	crm-seq-bulk	button	roles=owner,manager,nok,thana	hiddenFor=	system=
/contacts	crm-seq-bulk-form	form	roles=owner,manager,nok,thana	hiddenFor=	system=
/contacts	crm-seq-bulk-pick	select	roles=owner,manager,nok,thana	hiddenFor=	system=
/contacts	crm-seq-bulk-confirm	toggle	roles=owner,manager,nok,thana	hiddenFor=	system=
/contacts	crm-seq-bulk-reason	input	roles=owner,manager,nok,thana	hiddenFor=	system=
/contacts	crm-seq-bulk-submit	button	roles=owner,manager,nok,thana	hiddenFor=	system=
/contacts	crm-seq-bulk-cancel	button	roles=owner,manager,nok,thana	hiddenFor=	system=
/contacts/[contactId]	crm-call-tel	link	roles=owner,manager,nok,thana	hiddenFor=	system=
/contacts/[contactId]	crm-call-outcome	select	roles=owner,manager,nok,thana	hiddenFor=	system=
/contacts/[contactId]	crm-call-duration	input	roles=owner,manager,nok,thana	hiddenFor=	system=
/contacts/[contactId]	crm-call-direction	select	roles=owner,manager,nok,thana	hiddenFor=	system=
/contacts/[contactId]	crm-call-start	input	roles=owner,manager,nok,thana	hiddenFor=	system=
/contacts/[contactId]	crm-call-note	textarea	roles=owner,manager,nok,thana	hiddenFor=	system=
/contacts/[contactId]	crm-call-next-task	input	roles=owner,manager,nok,thana	hiddenFor=	system=
/contacts/[contactId]	crm-call-next-task-due	input	roles=owner,manager,nok,thana	hiddenFor=	system=
/contacts/[contactId]	crm-call-recording-input	input	roles=owner,manager,nok,thana	hiddenFor=	system=
/contacts/[contactId]	crm-call-save	button	roles=owner,manager,nok,thana	hiddenFor=	system=
/contacts/[contactId]	crm-call-cancel	button	roles=owner,manager,nok,thana	hiddenFor=	system=
/contacts/[contactId]	crm-call-ai-transcribe	button	roles=owner,manager,nok,thana	hiddenFor=	system=
/contacts/[contactId]	crm-call-ai-transcript	textarea	roles=owner,manager,nok,thana	hiddenFor=	system=
/contacts/[contactId]	crm-call-ai-summary	textarea	roles=owner,manager,nok,thana	hiddenFor=	system=
/contacts/[contactId]	crm-call-ai-next-step	input	roles=owner,manager,nok,thana	hiddenFor=	system=
/contacts/[contactId]	crm-call-ai-accept	button	roles=owner,manager,nok,thana	hiddenFor=	system=
/contacts/[contactId]	crm-call-ai-reject	button	roles=owner,manager,nok,thana	hiddenFor=	system=
/contacts	crm-card-scan	input	roles=owner,manager,nok,thana	hiddenFor=	system=
/contacts	crm-card-scan-accept	button	roles=owner,manager,nok,thana	hiddenFor=	system=
/contacts/[contactId]	crm-book-via-booking	link	roles=owner,manager,nok,thana	hiddenFor=	system=
/contacts/[contactId]	crm-call-recording-pick	select	roles=owner,manager,nok,thana	hiddenFor=	system=
/contacts/[contactId]	crm-call-recording-play	button	roles=owner,manager,nok,thana	hiddenFor=	system=
/contacts/[contactId]	crm-call-recording-delete	button	roles=owner,manager,nok,thana	hiddenFor=	system=
/contacts/[contactId]	crm-call-recording-confirm	input	roles=owner,manager,nok,thana	hiddenFor=	system=
/contacts/[contactId]	crm-call-recording-reason	input	roles=owner,manager,nok,thana	hiddenFor=	system=
/contacts/[contactId]	crm-call-recording-delete-go	button	roles=owner,manager,nok,thana	hiddenFor=	system=
/contacts/[contactId]	crm-call-recording-delete-cancel	button	roles=owner,manager,nok,thana	hiddenFor=	system=
/contacts/[contactId]	crm-call-log-open-contact	button	roles=owner,manager,nok,thana	hiddenFor=	system=
/contacts	crm-card-scan-reject	button	roles=owner,manager,nok,thana	hiddenFor=	system=
/contacts/[contactId]	contact-score-explain-btn	button	roles=owner,manager,nok,thana	hiddenFor=	system=
/contacts	crm-view-save-open	button	roles=owner,manager,nok,thana	hiddenFor=	system=
/contacts	crm-view-name	input	roles=owner,manager,nok,thana	hiddenFor=	system=
/contacts	crm-view-scope-private	toggle	roles=owner,manager,nok,thana	hiddenFor=	system=
/contacts	crm-view-scope-team	toggle	roles=owner,manager,nok,thana	hiddenFor=	system=
/contacts	crm-view-team	select	roles=owner,manager,nok,thana	hiddenFor=	system=
/contacts	crm-view-save	button	roles=owner,manager,nok,thana	hiddenFor=	system=
/contacts	crm-view-cancel	button	roles=owner,manager,nok,thana	hiddenFor=	system=
/contacts	crm-view-delete	button	roles=owner,manager,nok,thana	hiddenFor=	system=
/contacts/[contactId]	crm-ai-contact-why-hot	button	roles=owner,manager,nok,thana	hiddenFor=	system=
/contacts/[contactId]	crm-ai-contact-closing	button	roles=owner,manager,nok,thana	hiddenFor=	system=
/contacts/[contactId]	contact-360-sheet-backdrop	button	roles=owner,manager,nok,thana	hiddenFor=	system=
