/activities	activities-calendar-link	link	roles=owner,manager,nok,thana	hiddenFor=	system=
/activities	activities-new	button	roles=owner,manager,nok,thana	hiddenFor=	system=
/activities	activities-next-page	link	roles=owner,manager,nok,thana	hiddenFor=	system=
/activities	activities-scope-mine	link	roles=owner,manager,nok,thana	hiddenFor=	system=
/activities	activities-scope-team	link	roles=owner,manager,nok,thana	hiddenFor=	system=
/activities	activities-status-*	tab	roles=owner,manager,nok,thana	hiddenFor=	system=
/activities	activities-type	select	roles=owner,manager,nok,thana	hiddenFor=	system=
/activities	activities-type-apply	button	roles=owner,manager,nok,thana	hiddenFor=	system=
/activities	activities-type-form	filter	roles=owner,manager,nok,thana	hiddenFor=	system=
/activities	activity-log-form	form	roles=owner,manager,nok,thana	hiddenFor=	system=
/activities	activity-log-submit	button	roles=owner,manager,nok,thana	hiddenFor=	system=
/activities	activity-log-cancel	button	roles=owner,manager,nok,thana	hiddenFor=	system=
/activities	activity-log-type-*	toggle	roles=owner,manager,nok,thana	hiddenFor=	system=
/activities	activity-log-title	input	roles=owner,manager,nok,thana	hiddenFor=	system=
/activities	activity-log-outcome	toggle	roles=owner,manager,nok,thana	hiddenFor=	system=
/activities	activity-log-duration	input	roles=owner,manager,nok,thana	hiddenFor=	system=
/activities	activity-log-direction	select	roles=owner,manager,nok,thana	hiddenFor=	system=
/activities	activity-log-start	input	roles=owner,manager,nok,thana	hiddenFor=	system=
/activities	activity-log-end	input	roles=owner,manager,nok,thana	hiddenFor=	system=
/activities	activity-log-location	input	roles=owner,manager,nok,thana	hiddenFor=	system=
/activities	activity-log-due	input	roles=owner,manager,nok,thana	hiddenFor=	system=
/activities	activity-log-body	input	roles=owner,manager,nok,thana	hiddenFor=	system=
/activities	activity-log-pinned	toggle	roles=owner,manager,nok,thana	hiddenFor=	system=
/activities	activity-log-mention	toggle	roles=owner,manager,nok,thana	hiddenFor=	system=
/activities	activity-log-next-toggle	toggle	roles=owner,manager,nok,thana	hiddenFor=	system=
/activities	activity-log-next-title	input	roles=owner,manager,nok,thana	hiddenFor=	system=
/activities	activity-log-next-due	input	roles=owner,manager,nok,thana	hiddenFor=	system=
/activities	activity-log-target-q	input	roles=owner,manager,nok,thana	hiddenFor=	system=
/activities	activity-log-target-option	button	roles=owner,manager,nok,thana	hiddenFor=	system=
/activities	activity-log-target-clear	button	roles=owner,manager,nok,thana	hiddenFor=	system=
/activities	activity-row-deal-link	link	roles=owner,manager,nok,thana	hiddenFor=	system=
/activities	activity-row-contact-link	link	roles=owner,manager,nok,thana	hiddenFor=	system=
/activities	activity-row-company-link	link	roles=owner,manager,nok,thana	hiddenFor=	system=
/activities	activity-row-pin	button	roles=owner,manager,nok,thana	hiddenFor=	system=
/activities	activity-row-complete	button	roles=owner,manager,nok,thana	hiddenFor=	system=
/activities	activity-row-reschedule	button	roles=owner,manager,nok,thana	hiddenFor=	system=
/activities	activity-row-reschedule-at	input	roles=owner,manager,nok,thana	hiddenFor=	system=
/activities	activity-row-reschedule-save	button	roles=owner,manager,nok,thana	hiddenFor=	system=
/activities	activity-row-card	button	roles=owner,manager,nok,thana	hiddenFor=	system=
/activities	activity-row-card-board	select	roles=owner,manager,nok,thana	hiddenFor=	system=
/activities	activity-row-card-open	button	roles=owner,manager,nok,thana	hiddenFor=	system=
/calendar	calendar-prev	link	roles=owner,manager,nok,thana	hiddenFor=	system=
/calendar	calendar-next	link	roles=owner,manager,nok,thana	hiddenFor=	system=
/calendar	calendar-today	link	roles=owner,manager,nok,thana	hiddenFor=	system=
/calendar	calendar-view-*	tab	roles=owner,manager,nok,thana	hiddenFor=	system=
/calendar	calendar-scope-mine	link	roles=owner,manager,nok,thana	hiddenFor=	system=
/calendar	calendar-scope-team	link	roles=owner,manager,nok,thana	hiddenFor=	system=
/calendar	calendar-activities-link	link	roles=owner,manager,nok,thana	hiddenFor=	system=
/calendar	calendar-item	link	roles=owner,manager,nok,thana	hiddenFor=	system=
/activities	activity-log-notice-close	button	roles=owner,manager,nok,thana	hiddenFor=	system=
/activities	activities-clear-target	link	roles=owner,manager,nok,thana	hiddenFor=	system=
/app/sys/[id]	crm-home-stage-all	tab	roles=owner,manager,nok,thana	hiddenFor=	system=
/app/sys/[id]	crm-home-stage-chip	tab	roles=owner,manager,nok,thana	hiddenFor=	system=
/app/sys/[id]	crm-home-deal-card	link	roles=owner,manager,nok,thana	hiddenFor=	system=
/app/sys/[id]	crm-home-all-deals	link	roles=owner,manager,nok,thana	hiddenFor=	system=
/app/sys/[id]	crm-home-all-tasks	link	roles=owner,manager,nok,thana	hiddenFor=	system=
/app/sys/[id]	crm-panel-contact	link	roles=owner,manager,nok,thana	hiddenFor=	system=CHAT
/app/sys/[id]	crm-panel-deal	link	roles=owner,manager,nok,thana	hiddenFor=	system=CHAT
/app/sys/[id]	crm-panel-open-deal	link	roles=owner,manager,nok,thana	hiddenFor=	system=CHAT
/app/sys/[id]	crm-panel-log-activity	button	roles=owner,manager,nok,thana	hiddenFor=	system=CHAT
/app/sys/[id]	crm-panel-activity-type	select	roles=owner,manager,nok,thana	hiddenFor=	system=CHAT
/app/sys/[id]	crm-panel-activity-title	input	roles=owner,manager,nok,thana	hiddenFor=	system=CHAT
/app/sys/[id]	crm-panel-activity-submit	button	roles=owner,manager,nok,thana	hiddenFor=	system=CHAT
/app/sys/[id]	crm-panel-create-lead	button	roles=owner,manager,nok,thana	hiddenFor=	system=CHAT
/app/sys/[id]	crm-panel-retry	button	roles=owner,manager,nok,thana	hiddenFor=	system=CHAT
/app/party/[partyId]	party-crm-contact	link	roles=owner,manager,nok,thana	hiddenFor=	system=
/app/party/[partyId]	party-crm-deal	link	roles=owner,manager,nok,thana	hiddenFor=	system=
/calendar	crm-calendar-appointment	link	roles=owner,manager,nok,thana	hiddenFor=	system=
/u/[token]	crm-unsub-confirm	button	roles=owner,manager,nok,thana,customer	hiddenFor=	system=
/u/[token]	crm-unsub-notrack	button	roles=owner,manager,nok,thana,customer	hiddenFor=	system=
/app/sys/[id]/account/docs/[docType]/[docId]	acc-doc-crm-deal	link	roles=owner,manager,nok,thana	hiddenFor=	system=ACCOUNT
/settings/notifications	crm-notify-tab-mine	tab	roles=owner,manager,nok,thana	hiddenFor=	system=
/settings/notifications	crm-notify-my-channel-*	input	roles=owner,manager,nok,thana	hiddenFor=	system=
/settings/notifications	crm-notify-my-quiet-own	input	roles=owner,manager,nok,thana	hiddenFor=	system=
/settings/notifications	crm-notify-my-quiet-enabled	input	roles=owner,manager,nok,thana	hiddenFor=	system=
/settings/notifications	crm-notify-my-quiet-from	input	roles=owner,manager,nok,thana	hiddenFor=	system=
/settings/notifications	crm-notify-my-quiet-to	input	roles=owner,manager,nok,thana	hiddenFor=	system=
/settings/notifications	crm-notify-my-save	button	roles=owner,manager,nok,thana	hiddenFor=	system=
/app/sys/[id]	crm-home-stale-row-*	link	roles=owner,manager,nok,thana	hiddenFor=	system=
/app/sys/[id]	crm-home-stale-row-view-*	link	roles=owner,manager,nok,thana	hiddenFor=	system=
/app/sys/[id]	crm-home-stale-all	link	roles=owner,manager,nok,thana	hiddenFor=	system=
/app/sys/[id]	crm-home-new-deal	link	roles=owner,manager,nok,thana	hiddenFor=	system=
/p/[slug]	page-widget-crm-my-deals-more	link	roles=owner,manager,nok,thana	hiddenFor=	system=
/p/[slug]	page-widget-crm-deal-*	link	roles=owner,manager,nok,thana	hiddenFor=	system=
/p/[slug]	page-widget-crm-today-tasks-more	link	roles=owner,manager,nok,thana	hiddenFor=	system=
/p/[slug]	page-widget-crm-task-*	link	roles=owner,manager,nok,thana	hiddenFor=	system=
/p/[slug]	page-widget-crm-portal-open	link	roles=owner,manager,nok,thana	hiddenFor=	system=
/commissions	crm-commission-period	select	roles=owner,manager,nok,thana	hiddenFor=	system=
/commissions	crm-commission-status	select	roles=owner,manager,nok,thana	hiddenFor=	system=
/commissions	crm-commission-mine-deal-*	link	roles=owner,manager,nok,thana	hiddenFor=	system=
/app/sys/[id]	crm-ai-proposal-confirm	button	roles=owner,manager,nok,thana	hiddenFor=	system=
/app/sys/[id]	crm-ai-proposal-edit	toggle	roles=owner,manager,nok,thana	hiddenFor=	system=
/app/sys/[id]	crm-ai-proposal-cancel	button	roles=owner,manager,nok,thana	hiddenFor=	system=
/app/sys/[id]	crm-ai-proposal-next-step-input	input	roles=owner,manager,nok,thana	hiddenFor=	system=
/app/sys/[id]	crm-ai-proposal-deal-*	toggle	roles=owner,manager,nok,thana	hiddenFor=	system=
/app/sys/[id]/meeting	crm-deal-unfurl-card	link	roles=owner,manager,nok,thana	hiddenFor=	system=MEETING
