user,device,page,testid,bucket,class,cause,runner_detail,shot,summary,fix
customer,*,re:^/(app|p|b|u)/ chunk,-,fatal,RUNNER,"run-chunks.sh split CHUNKS_OVERRIDE on | ⇒ ""Invalid regular expression: /^/(app/"" (qc-crm-buttons.mts:116) + 3 empty chunks ⇒ portal never pressed","ผิดพลาดกลางคัน — SyntaxError: Invalid regular expression: /^/(app/: Unterminated group
    at new RegExp (<anonymous>)
 ",,run3-customer-summary-1.json,it4-B: separator ; in run-chunks.sh · re-run customer in run4
manager,mobile,/contacts/[contactId],contact-optout-toggle,wrongExpect,RUNNER,"single mobile miss, no write request; checkbox is disabled while the block transition is pending (Contact360Actions.tsx:688 disabled={disabled || pending}) — not reproduced",ไม่มี request เขียน (POST/server action) ระหว่างกด,.qc-shots/c42b/run3-manager-fail/_contacts_contactId_~contact-optout-toggle~manager~mobile.png,run3-manager-summary-3.json,none (dbg4 manager mobile /contacts/[ 65/65)
nok,desktop,/companies,companies-filter-form,hiddenLeak,PRODUCT,F1: /companies list renders for roles without crm.company.read (companies/page.tsx@09de6435 no page gate; nav.ts:30 no perm),อยู่ใน hiddenFor แต่มองเห็นได้,,run3-nok-summary-1.json,fixed upstream by C5.5-fix2 (companies/page.tsx + [companyId]/page.tsx crmCan notFound · nav perm) — verify in run4 chunk 1
nok,desktop,/companies,companies-filter-q,hiddenLeak,PRODUCT,F1: /companies list renders for roles without crm.company.read (companies/page.tsx@09de6435 no page gate; nav.ts:30 no perm),อยู่ใน hiddenFor แต่มองเห็นได้,,run3-nok-summary-1.json,fixed upstream by C5.5-fix2 (companies/page.tsx + [companyId]/page.tsx crmCan notFound · nav perm) — verify in run4 chunk 1
nok,desktop,/companies,companies-filter-industry,hiddenLeak,PRODUCT,F1: /companies list renders for roles without crm.company.read (companies/page.tsx@09de6435 no page gate; nav.ts:30 no perm),อยู่ใน hiddenFor แต่มองเห็นได้,,run3-nok-summary-1.json,fixed upstream by C5.5-fix2 (companies/page.tsx + [companyId]/page.tsx crmCan notFound · nav perm) — verify in run4 chunk 1
nok,desktop,/companies,companies-filter-size,hiddenLeak,PRODUCT,F1: /companies list renders for roles without crm.company.read (companies/page.tsx@09de6435 no page gate; nav.ts:30 no perm),อยู่ใน hiddenFor แต่มองเห็นได้,,run3-nok-summary-1.json,fixed upstream by C5.5-fix2 (companies/page.tsx + [companyId]/page.tsx crmCan notFound · nav perm) — verify in run4 chunk 1
nok,desktop,/companies,companies-filter-owner,hiddenLeak,PRODUCT,F1: /companies list renders for roles without crm.company.read (companies/page.tsx@09de6435 no page gate; nav.ts:30 no perm),อยู่ใน hiddenFor แต่มองเห็นได้,,run3-nok-summary-1.json,fixed upstream by C5.5-fix2 (companies/page.tsx + [companyId]/page.tsx crmCan notFound · nav perm) — verify in run4 chunk 1
nok,desktop,/companies,companies-filter-sort,hiddenLeak,PRODUCT,F1: /companies list renders for roles without crm.company.read (companies/page.tsx@09de6435 no page gate; nav.ts:30 no perm),อยู่ใน hiddenFor แต่มองเห็นได้,,run3-nok-summary-1.json,fixed upstream by C5.5-fix2 (companies/page.tsx + [companyId]/page.tsx crmCan notFound · nav perm) — verify in run4 chunk 1
nok,desktop,/companies,companies-filter-open,hiddenLeak,PRODUCT,F1: /companies list renders for roles without crm.company.read (companies/page.tsx@09de6435 no page gate; nav.ts:30 no perm),อยู่ใน hiddenFor แต่มองเห็นได้,,run3-nok-summary-1.json,fixed upstream by C5.5-fix2 (companies/page.tsx + [companyId]/page.tsx crmCan notFound · nav perm) — verify in run4 chunk 1
nok,desktop,/companies,companies-filter-archived,hiddenLeak,PRODUCT,F1: /companies list renders for roles without crm.company.read (companies/page.tsx@09de6435 no page gate; nav.ts:30 no perm),อยู่ใน hiddenFor แต่มองเห็นได้,,run3-nok-summary-1.json,fixed upstream by C5.5-fix2 (companies/page.tsx + [companyId]/page.tsx crmCan notFound · nav perm) — verify in run4 chunk 1
nok,desktop,/companies,companies-filter-submit,hiddenLeak,PRODUCT,F1: /companies list renders for roles without crm.company.read (companies/page.tsx@09de6435 no page gate; nav.ts:30 no perm),อยู่ใน hiddenFor แต่มองเห็นได้,,run3-nok-summary-1.json,fixed upstream by C5.5-fix2 (companies/page.tsx + [companyId]/page.tsx crmCan notFound · nav perm) — verify in run4 chunk 1
nok,mobile,/companies,companies-filter-form,hiddenLeak,PRODUCT,F1: /companies list renders for roles without crm.company.read (companies/page.tsx@09de6435 no page gate; nav.ts:30 no perm),อยู่ใน hiddenFor แต่มองเห็นได้,,run3-nok-summary-1.json,fixed upstream by C5.5-fix2 (companies/page.tsx + [companyId]/page.tsx crmCan notFound · nav perm) — verify in run4 chunk 1
nok,mobile,/companies,companies-filter-q,hiddenLeak,PRODUCT,F1: /companies list renders for roles without crm.company.read (companies/page.tsx@09de6435 no page gate; nav.ts:30 no perm),อยู่ใน hiddenFor แต่มองเห็นได้,,run3-nok-summary-1.json,fixed upstream by C5.5-fix2 (companies/page.tsx + [companyId]/page.tsx crmCan notFound · nav perm) — verify in run4 chunk 1
nok,mobile,/companies,companies-filter-industry,hiddenLeak,PRODUCT,F1: /companies list renders for roles without crm.company.read (companies/page.tsx@09de6435 no page gate; nav.ts:30 no perm),อยู่ใน hiddenFor แต่มองเห็นได้,,run3-nok-summary-1.json,fixed upstream by C5.5-fix2 (companies/page.tsx + [companyId]/page.tsx crmCan notFound · nav perm) — verify in run4 chunk 1
nok,mobile,/companies,companies-filter-size,hiddenLeak,PRODUCT,F1: /companies list renders for roles without crm.company.read (companies/page.tsx@09de6435 no page gate; nav.ts:30 no perm),อยู่ใน hiddenFor แต่มองเห็นได้,,run3-nok-summary-1.json,fixed upstream by C5.5-fix2 (companies/page.tsx + [companyId]/page.tsx crmCan notFound · nav perm) — verify in run4 chunk 1
nok,mobile,/companies,companies-filter-owner,hiddenLeak,PRODUCT,F1: /companies list renders for roles without crm.company.read (companies/page.tsx@09de6435 no page gate; nav.ts:30 no perm),อยู่ใน hiddenFor แต่มองเห็นได้,,run3-nok-summary-1.json,fixed upstream by C5.5-fix2 (companies/page.tsx + [companyId]/page.tsx crmCan notFound · nav perm) — verify in run4 chunk 1
nok,mobile,/companies,companies-filter-sort,hiddenLeak,PRODUCT,F1: /companies list renders for roles without crm.company.read (companies/page.tsx@09de6435 no page gate; nav.ts:30 no perm),อยู่ใน hiddenFor แต่มองเห็นได้,,run3-nok-summary-1.json,fixed upstream by C5.5-fix2 (companies/page.tsx + [companyId]/page.tsx crmCan notFound · nav perm) — verify in run4 chunk 1
nok,mobile,/companies,companies-filter-open,hiddenLeak,PRODUCT,F1: /companies list renders for roles without crm.company.read (companies/page.tsx@09de6435 no page gate; nav.ts:30 no perm),อยู่ใน hiddenFor แต่มองเห็นได้,,run3-nok-summary-1.json,fixed upstream by C5.5-fix2 (companies/page.tsx + [companyId]/page.tsx crmCan notFound · nav perm) — verify in run4 chunk 1
nok,mobile,/companies,companies-filter-archived,hiddenLeak,PRODUCT,F1: /companies list renders for roles without crm.company.read (companies/page.tsx@09de6435 no page gate; nav.ts:30 no perm),อยู่ใน hiddenFor แต่มองเห็นได้,,run3-nok-summary-1.json,fixed upstream by C5.5-fix2 (companies/page.tsx + [companyId]/page.tsx crmCan notFound · nav perm) — verify in run4 chunk 1
nok,mobile,/companies,companies-filter-submit,hiddenLeak,PRODUCT,F1: /companies list renders for roles without crm.company.read (companies/page.tsx@09de6435 no page gate; nav.ts:30 no perm),อยู่ใน hiddenFor แต่มองเห็นได้,,run3-nok-summary-1.json,fixed upstream by C5.5-fix2 (companies/page.tsx + [companyId]/page.tsx crmCan notFound · nav perm) — verify in run4 chunk 1
nok,desktop,/companies,companies-filter-clear,hiddenLeak,PRODUCT,F1: /companies list renders for roles without crm.company.read (companies/page.tsx@09de6435 no page gate; nav.ts:30 no perm),อยู่ใน hiddenFor แต่มองเห็นได้,,run3-nok-summary-1.json,fixed upstream by C5.5-fix2 (companies/page.tsx + [companyId]/page.tsx crmCan notFound · nav perm) — verify in run4 chunk 1
nok,mobile,/companies,companies-filter-clear,hiddenLeak,PRODUCT,F1: /companies list renders for roles without crm.company.read (companies/page.tsx@09de6435 no page gate; nav.ts:30 no perm),อยู่ใน hiddenFor แต่มองเห็นได้,,run3-nok-summary-1.json,fixed upstream by C5.5-fix2 (companies/page.tsx + [companyId]/page.tsx crmCan notFound · nav perm) — verify in run4 chunk 1
nok,desktop,/contacts,contacts-*-reason,dead,REGISTRY,rows opened only via contacts-export-btn (crm.contact.export — contacts/page.tsx exportCsv; nok/thana lack it) while the same wildcard rows also serve the bulk-assign dialog every role can reach,ตัวเปิด contacts-export-btn หาไม่พบ/มองไม่เห็น (ลำดับ contacts-export-btn),.qc-shots/c42b/run3-nok-fail/_contacts~contacts-_-reason~nok~desktop.png,run3-nok-summary-2.json,"it4-B B1: opener → [contacts-*-select, contacts-bulk-assign-btn] (roles unchanged) — dbg5 nok 48/48 · thana 49/49"
nok,desktop,/contacts,contacts-*-confirm,dead,REGISTRY,rows opened only via contacts-export-btn (crm.contact.export — contacts/page.tsx exportCsv; nok/thana lack it) while the same wildcard rows also serve the bulk-assign dialog every role can reach,ตัวเปิด contacts-export-btn หาไม่พบ/มองไม่เห็น (ลำดับ contacts-export-btn),.qc-shots/c42b/run3-nok-fail/_contacts~contacts-_-confirm~nok~desktop.png,run3-nok-summary-2.json,"it4-B B1: opener → [contacts-*-select, contacts-bulk-assign-btn] (roles unchanged) — dbg5 nok 48/48 · thana 49/49"
nok,mobile,/contacts,contacts-*-reason,dead,REGISTRY,rows opened only via contacts-export-btn (crm.contact.export — contacts/page.tsx exportCsv; nok/thana lack it) while the same wildcard rows also serve the bulk-assign dialog every role can reach,ตัวเปิด contacts-export-btn หาไม่พบ/มองไม่เห็น (ลำดับ contacts-export-btn),.qc-shots/c42b/run3-nok-fail/_contacts~contacts-_-reason~nok~mobile.png,run3-nok-summary-2.json,"it4-B B1: opener → [contacts-*-select, contacts-bulk-assign-btn] (roles unchanged) — dbg5 nok 48/48 · thana 49/49"
nok,mobile,/contacts,contacts-*-confirm,dead,REGISTRY,rows opened only via contacts-export-btn (crm.contact.export — contacts/page.tsx exportCsv; nok/thana lack it) while the same wildcard rows also serve the bulk-assign dialog every role can reach,ตัวเปิด contacts-export-btn หาไม่พบ/มองไม่เห็น (ลำดับ contacts-export-btn),.qc-shots/c42b/run3-nok-fail/_contacts~contacts-_-confirm~nok~mobile.png,run3-nok-summary-2.json,"it4-B B1: opener → [contacts-*-select, contacts-bulk-assign-btn] (roles unchanged) — dbg5 nok 48/48 · thana 49/49"
nok,desktop,/contacts/new,contact-pick-*-select,dead,REGISTRY+PRODUCT,company picker on /contacts/new searches companyWhere; nok/thana lack crm.company.read ⇒ result always empty (NewContactForm.tsx:162-170 · contacts-actions.ts searchCompaniesAction),ค่าในช่องไม่เปลี่ยน (ถูกปิด/อ่านอย่างเดียว?) และไม่มี request,.qc-shots/c42b/run3-nok-fail/_contacts_new~contact-pick-_-select~nok~desktop.png,run3-nok-summary-4.json,it4-B B2: hiddenFor nok/thana (§15b) ⇒ remaining signal = PRODUCT F3 (picker shown to roles without crm.company.read) — dbg4 nok: now 2 hiddenLeak (F3)
nok,mobile,/contacts/new,contact-pick-*-select,dead,REGISTRY+PRODUCT,company picker on /contacts/new searches companyWhere; nok/thana lack crm.company.read ⇒ result always empty (NewContactForm.tsx:162-170 · contacts-actions.ts searchCompaniesAction),ค่าในช่องไม่เปลี่ยน (ถูกปิด/อ่านอย่างเดียว?) และไม่มี request,.qc-shots/c42b/run3-nok-fail/_contacts_new~contact-pick-_-select~nok~mobile.png,run3-nok-summary-4.json,it4-B B2: hiddenFor nok/thana (§15b) ⇒ remaining signal = PRODUCT F3 (picker shown to roles without crm.company.read) — dbg4 nok: now 2 hiddenLeak (F3)
nok,desktop,/contacts/new,contact-pick-*-q,wrongExpect,REGISTRY+PRODUCT,company picker on /contacts/new searches companyWhere; nok/thana lack crm.company.read ⇒ result always empty (NewContactForm.tsx:162-170 · contacts-actions.ts searchCompaniesAction),contact-pick-*-select ไม่เปลี่ยนภายใน 4 วิ (ก่อน=มีอยู่ · หลัง=มีอยู่),.qc-shots/c42b/run3-nok-fail/_contacts_new~contact-pick-_-q~nok~desktop.png,run3-nok-summary-4.json,it4-B B2: hiddenFor nok/thana (§15b) ⇒ remaining signal = PRODUCT F3 (picker shown to roles without crm.company.read) — dbg4 nok: now 2 hiddenLeak (F3)
nok,mobile,/contacts/new,contact-pick-*-q,wrongExpect,REGISTRY+PRODUCT,company picker on /contacts/new searches companyWhere; nok/thana lack crm.company.read ⇒ result always empty (NewContactForm.tsx:162-170 · contacts-actions.ts searchCompaniesAction),contact-pick-*-select ไม่เปลี่ยนภายใน 4 วิ (ก่อน=มีอยู่ · หลัง=มีอยู่),.qc-shots/c42b/run3-nok-fail/_contacts_new~contact-pick-_-q~nok~mobile.png,run3-nok-summary-4.json,it4-B B2: hiddenFor nok/thana (§15b) ⇒ remaining signal = PRODUCT F3 (picker shown to roles without crm.company.read) — dbg4 nok: now 2 hiddenLeak (F3)
nok,desktop,/activities,activity-row-contact-link,dead,FIXTURE,link renders only for an activity with no deal (ActivityItems.tsx:101-108); every open contact-only activity on QC1 belongs to manager (team of thana) ⇒ nok list has none (facts10.mts),ควรเห็นได้ (อยู่ใน roles ไม่อยู่ใน hiddenFor) แต่หาไม่พบ/มองไม่เห็น,.qc-shots/c42b/run3-nok-fail/_activities~activity-row-contact-link~nok~desktop.png,run3-nok-summary-8.json,it4-B runner fixture: open contact-only TASK per STAFF persona — dbg4 nok 82/82
nok,mobile,/activities,activity-row-contact-link,dead,FIXTURE,link renders only for an activity with no deal (ActivityItems.tsx:101-108); every open contact-only activity on QC1 belongs to manager (team of thana) ⇒ nok list has none (facts10.mts),ควรเห็นได้ (อยู่ใน roles ไม่อยู่ใน hiddenFor) แต่หาไม่พบ/มองไม่เห็น,.qc-shots/c42b/run3-nok-fail/_activities~activity-row-contact-link~nok~mobile.png,run3-nok-summary-8.json,it4-B runner fixture: open contact-only TASK per STAFF persona — dbg4 nok 82/82
thana,desktop,/companies,companies-filter-form,hiddenLeak,PRODUCT,F1: /companies list renders for roles without crm.company.read (companies/page.tsx@09de6435 no page gate; nav.ts:30 no perm),อยู่ใน hiddenFor แต่มองเห็นได้,,run3-thana-summary-1.json,fixed upstream by C5.5-fix2 (companies/page.tsx + [companyId]/page.tsx crmCan notFound · nav perm) — verify in run4 chunk 1
thana,desktop,/companies,companies-filter-q,hiddenLeak,PRODUCT,F1: /companies list renders for roles without crm.company.read (companies/page.tsx@09de6435 no page gate; nav.ts:30 no perm),อยู่ใน hiddenFor แต่มองเห็นได้,,run3-thana-summary-1.json,fixed upstream by C5.5-fix2 (companies/page.tsx + [companyId]/page.tsx crmCan notFound · nav perm) — verify in run4 chunk 1
thana,desktop,/companies,companies-filter-industry,hiddenLeak,PRODUCT,F1: /companies list renders for roles without crm.company.read (companies/page.tsx@09de6435 no page gate; nav.ts:30 no perm),อยู่ใน hiddenFor แต่มองเห็นได้,,run3-thana-summary-1.json,fixed upstream by C5.5-fix2 (companies/page.tsx + [companyId]/page.tsx crmCan notFound · nav perm) — verify in run4 chunk 1
thana,desktop,/companies,companies-filter-size,hiddenLeak,PRODUCT,F1: /companies list renders for roles without crm.company.read (companies/page.tsx@09de6435 no page gate; nav.ts:30 no perm),อยู่ใน hiddenFor แต่มองเห็นได้,,run3-thana-summary-1.json,fixed upstream by C5.5-fix2 (companies/page.tsx + [companyId]/page.tsx crmCan notFound · nav perm) — verify in run4 chunk 1
thana,desktop,/companies,companies-filter-owner,hiddenLeak,PRODUCT,F1: /companies list renders for roles without crm.company.read (companies/page.tsx@09de6435 no page gate; nav.ts:30 no perm),อยู่ใน hiddenFor แต่มองเห็นได้,,run3-thana-summary-1.json,fixed upstream by C5.5-fix2 (companies/page.tsx + [companyId]/page.tsx crmCan notFound · nav perm) — verify in run4 chunk 1
thana,desktop,/companies,companies-filter-sort,hiddenLeak,PRODUCT,F1: /companies list renders for roles without crm.company.read (companies/page.tsx@09de6435 no page gate; nav.ts:30 no perm),อยู่ใน hiddenFor แต่มองเห็นได้,,run3-thana-summary-1.json,fixed upstream by C5.5-fix2 (companies/page.tsx + [companyId]/page.tsx crmCan notFound · nav perm) — verify in run4 chunk 1
thana,desktop,/companies,companies-filter-open,hiddenLeak,PRODUCT,F1: /companies list renders for roles without crm.company.read (companies/page.tsx@09de6435 no page gate; nav.ts:30 no perm),อยู่ใน hiddenFor แต่มองเห็นได้,,run3-thana-summary-1.json,fixed upstream by C5.5-fix2 (companies/page.tsx + [companyId]/page.tsx crmCan notFound · nav perm) — verify in run4 chunk 1
thana,desktop,/companies,companies-filter-archived,hiddenLeak,PRODUCT,F1: /companies list renders for roles without crm.company.read (companies/page.tsx@09de6435 no page gate; nav.ts:30 no perm),อยู่ใน hiddenFor แต่มองเห็นได้,,run3-thana-summary-1.json,fixed upstream by C5.5-fix2 (companies/page.tsx + [companyId]/page.tsx crmCan notFound · nav perm) — verify in run4 chunk 1
thana,desktop,/companies,companies-filter-submit,hiddenLeak,PRODUCT,F1: /companies list renders for roles without crm.company.read (companies/page.tsx@09de6435 no page gate; nav.ts:30 no perm),อยู่ใน hiddenFor แต่มองเห็นได้,,run3-thana-summary-1.json,fixed upstream by C5.5-fix2 (companies/page.tsx + [companyId]/page.tsx crmCan notFound · nav perm) — verify in run4 chunk 1
thana,mobile,/companies,companies-filter-form,hiddenLeak,PRODUCT,F1: /companies list renders for roles without crm.company.read (companies/page.tsx@09de6435 no page gate; nav.ts:30 no perm),อยู่ใน hiddenFor แต่มองเห็นได้,,run3-thana-summary-1.json,fixed upstream by C5.5-fix2 (companies/page.tsx + [companyId]/page.tsx crmCan notFound · nav perm) — verify in run4 chunk 1
thana,mobile,/companies,companies-filter-q,hiddenLeak,PRODUCT,F1: /companies list renders for roles without crm.company.read (companies/page.tsx@09de6435 no page gate; nav.ts:30 no perm),อยู่ใน hiddenFor แต่มองเห็นได้,,run3-thana-summary-1.json,fixed upstream by C5.5-fix2 (companies/page.tsx + [companyId]/page.tsx crmCan notFound · nav perm) — verify in run4 chunk 1
thana,mobile,/companies,companies-filter-industry,hiddenLeak,PRODUCT,F1: /companies list renders for roles without crm.company.read (companies/page.tsx@09de6435 no page gate; nav.ts:30 no perm),อยู่ใน hiddenFor แต่มองเห็นได้,,run3-thana-summary-1.json,fixed upstream by C5.5-fix2 (companies/page.tsx + [companyId]/page.tsx crmCan notFound · nav perm) — verify in run4 chunk 1
thana,mobile,/companies,companies-filter-size,hiddenLeak,PRODUCT,F1: /companies list renders for roles without crm.company.read (companies/page.tsx@09de6435 no page gate; nav.ts:30 no perm),อยู่ใน hiddenFor แต่มองเห็นได้,,run3-thana-summary-1.json,fixed upstream by C5.5-fix2 (companies/page.tsx + [companyId]/page.tsx crmCan notFound · nav perm) — verify in run4 chunk 1
thana,mobile,/companies,companies-filter-owner,hiddenLeak,PRODUCT,F1: /companies list renders for roles without crm.company.read (companies/page.tsx@09de6435 no page gate; nav.ts:30 no perm),อยู่ใน hiddenFor แต่มองเห็นได้,,run3-thana-summary-1.json,fixed upstream by C5.5-fix2 (companies/page.tsx + [companyId]/page.tsx crmCan notFound · nav perm) — verify in run4 chunk 1
thana,mobile,/companies,companies-filter-sort,hiddenLeak,PRODUCT,F1: /companies list renders for roles without crm.company.read (companies/page.tsx@09de6435 no page gate; nav.ts:30 no perm),อยู่ใน hiddenFor แต่มองเห็นได้,,run3-thana-summary-1.json,fixed upstream by C5.5-fix2 (companies/page.tsx + [companyId]/page.tsx crmCan notFound · nav perm) — verify in run4 chunk 1
thana,mobile,/companies,companies-filter-open,hiddenLeak,PRODUCT,F1: /companies list renders for roles without crm.company.read (companies/page.tsx@09de6435 no page gate; nav.ts:30 no perm),อยู่ใน hiddenFor แต่มองเห็นได้,,run3-thana-summary-1.json,fixed upstream by C5.5-fix2 (companies/page.tsx + [companyId]/page.tsx crmCan notFound · nav perm) — verify in run4 chunk 1
thana,mobile,/companies,companies-filter-archived,hiddenLeak,PRODUCT,F1: /companies list renders for roles without crm.company.read (companies/page.tsx@09de6435 no page gate; nav.ts:30 no perm),อยู่ใน hiddenFor แต่มองเห็นได้,,run3-thana-summary-1.json,fixed upstream by C5.5-fix2 (companies/page.tsx + [companyId]/page.tsx crmCan notFound · nav perm) — verify in run4 chunk 1
thana,mobile,/companies,companies-filter-submit,hiddenLeak,PRODUCT,F1: /companies list renders for roles without crm.company.read (companies/page.tsx@09de6435 no page gate; nav.ts:30 no perm),อยู่ใน hiddenFor แต่มองเห็นได้,,run3-thana-summary-1.json,fixed upstream by C5.5-fix2 (companies/page.tsx + [companyId]/page.tsx crmCan notFound · nav perm) — verify in run4 chunk 1
thana,desktop,/companies,companies-filter-clear,hiddenLeak,PRODUCT,F1: /companies list renders for roles without crm.company.read (companies/page.tsx@09de6435 no page gate; nav.ts:30 no perm),อยู่ใน hiddenFor แต่มองเห็นได้,,run3-thana-summary-1.json,fixed upstream by C5.5-fix2 (companies/page.tsx + [companyId]/page.tsx crmCan notFound · nav perm) — verify in run4 chunk 1
thana,mobile,/companies,companies-filter-clear,hiddenLeak,PRODUCT,F1: /companies list renders for roles without crm.company.read (companies/page.tsx@09de6435 no page gate; nav.ts:30 no perm),อยู่ใน hiddenFor แต่มองเห็นได้,,run3-thana-summary-1.json,fixed upstream by C5.5-fix2 (companies/page.tsx + [companyId]/page.tsx crmCan notFound · nav perm) — verify in run4 chunk 1
thana,desktop,/contacts,contacts-*-reason,dead,REGISTRY,rows opened only via contacts-export-btn (crm.contact.export — contacts/page.tsx exportCsv; nok/thana lack it) while the same wildcard rows also serve the bulk-assign dialog every role can reach,ตัวเปิด contacts-export-btn หาไม่พบ/มองไม่เห็น (ลำดับ contacts-export-btn),.qc-shots/c42b/run3-thana-fail/_contacts~contacts-_-reason~thana~desktop.png,run3-thana-summary-2.json,"it4-B B1: opener → [contacts-*-select, contacts-bulk-assign-btn] (roles unchanged) — dbg5 nok 48/48 · thana 49/49"
thana,desktop,/contacts,contacts-*-confirm,dead,REGISTRY,rows opened only via contacts-export-btn (crm.contact.export — contacts/page.tsx exportCsv; nok/thana lack it) while the same wildcard rows also serve the bulk-assign dialog every role can reach,ตัวเปิด contacts-export-btn หาไม่พบ/มองไม่เห็น (ลำดับ contacts-export-btn),.qc-shots/c42b/run3-thana-fail/_contacts~contacts-_-confirm~thana~desktop.png,run3-thana-summary-2.json,"it4-B B1: opener → [contacts-*-select, contacts-bulk-assign-btn] (roles unchanged) — dbg5 nok 48/48 · thana 49/49"
thana,mobile,/contacts,contacts-*-reason,dead,REGISTRY,rows opened only via contacts-export-btn (crm.contact.export — contacts/page.tsx exportCsv; nok/thana lack it) while the same wildcard rows also serve the bulk-assign dialog every role can reach,ตัวเปิด contacts-export-btn หาไม่พบ/มองไม่เห็น (ลำดับ contacts-export-btn),.qc-shots/c42b/run3-thana-fail/_contacts~contacts-_-reason~thana~mobile.png,run3-thana-summary-2.json,"it4-B B1: opener → [contacts-*-select, contacts-bulk-assign-btn] (roles unchanged) — dbg5 nok 48/48 · thana 49/49"
thana,mobile,/contacts,contacts-*-confirm,dead,REGISTRY,rows opened only via contacts-export-btn (crm.contact.export — contacts/page.tsx exportCsv; nok/thana lack it) while the same wildcard rows also serve the bulk-assign dialog every role can reach,ตัวเปิด contacts-export-btn หาไม่พบ/มองไม่เห็น (ลำดับ contacts-export-btn),.qc-shots/c42b/run3-thana-fail/_contacts~contacts-_-confirm~thana~mobile.png,run3-thana-summary-2.json,"it4-B B1: opener → [contacts-*-select, contacts-bulk-assign-btn] (roles unchanged) — dbg5 nok 48/48 · thana 49/49"
thana,desktop,/contacts/new,contact-pick-*-select,dead,REGISTRY+PRODUCT,company picker on /contacts/new searches companyWhere; nok/thana lack crm.company.read ⇒ result always empty (NewContactForm.tsx:162-170 · contacts-actions.ts searchCompaniesAction),ค่าในช่องไม่เปลี่ยน (ถูกปิด/อ่านอย่างเดียว?) และไม่มี request,.qc-shots/c42b/run3-thana-fail/_contacts_new~contact-pick-_-select~thana~desktop.png,run3-thana-summary-4.json,it4-B B2: hiddenFor nok/thana (§15b) ⇒ remaining signal = PRODUCT F3 (picker shown to roles without crm.company.read) — dbg4 nok: now 2 hiddenLeak (F3)
thana,mobile,/contacts/new,contact-pick-*-select,dead,REGISTRY+PRODUCT,company picker on /contacts/new searches companyWhere; nok/thana lack crm.company.read ⇒ result always empty (NewContactForm.tsx:162-170 · contacts-actions.ts searchCompaniesAction),ค่าในช่องไม่เปลี่ยน (ถูกปิด/อ่านอย่างเดียว?) และไม่มี request,.qc-shots/c42b/run3-thana-fail/_contacts_new~contact-pick-_-select~thana~mobile.png,run3-thana-summary-4.json,it4-B B2: hiddenFor nok/thana (§15b) ⇒ remaining signal = PRODUCT F3 (picker shown to roles without crm.company.read) — dbg4 nok: now 2 hiddenLeak (F3)
thana,desktop,/contacts/new,contact-pick-*-q,wrongExpect,REGISTRY+PRODUCT,company picker on /contacts/new searches companyWhere; nok/thana lack crm.company.read ⇒ result always empty (NewContactForm.tsx:162-170 · contacts-actions.ts searchCompaniesAction),contact-pick-*-select ไม่เปลี่ยนภายใน 4 วิ (ก่อน=มีอยู่ · หลัง=มีอยู่),.qc-shots/c42b/run3-thana-fail/_contacts_new~contact-pick-_-q~thana~desktop.png,run3-thana-summary-4.json,it4-B B2: hiddenFor nok/thana (§15b) ⇒ remaining signal = PRODUCT F3 (picker shown to roles without crm.company.read) — dbg4 nok: now 2 hiddenLeak (F3)
thana,mobile,/contacts/new,contact-pick-*-q,wrongExpect,REGISTRY+PRODUCT,company picker on /contacts/new searches companyWhere; nok/thana lack crm.company.read ⇒ result always empty (NewContactForm.tsx:162-170 · contacts-actions.ts searchCompaniesAction),contact-pick-*-select ไม่เปลี่ยนภายใน 4 วิ (ก่อน=มีอยู่ · หลัง=มีอยู่),.qc-shots/c42b/run3-thana-fail/_contacts_new~contact-pick-_-q~thana~mobile.png,run3-thana-summary-4.json,it4-B B2: hiddenFor nok/thana (§15b) ⇒ remaining signal = PRODUCT F3 (picker shown to roles without crm.company.read) — dbg4 nok: now 2 hiddenLeak (F3)
